ACCIDENT_YEAR,COLLISION_DATE,COLLISION_TIME,MONTH,SEASON,24HOURS,DAY_OF_WEEK,INTERSECTION,WEATHER_1,STATE_HWY_IND,ROAD_SURFACE,ROAD_COND_1,LIGHTING,STWD_VEHTYPE_AT_FAULT,CHP_VEHTYPE_AT_FAULT,DIRECTION,PCF_VIOL_CATEGORY,TYPE_OF_COLLISION,PEDESTRIAN_ACCIDENT,BICYCLE_ACCIDENT,MOTORCYCLE_ACCIDENT,TRUCK_ACCIDENT,MVIW,TOW_AWAY,HIT_AND_RUN,CONTROL_DEVICE,NUMBER_INJURED,COUNT_PED_INJURED,COUNT_BICYCLIST_INJURED,COUNT_MC_INJURED,PCF_VIOLATION,PARTY_COUNT,POINT_Y,POINT_X,COLLISION_SEVERITY
2017,2017-06-04,101,6,2,1,7,N,A,N,A,H,D,C,02,E,08,G,Y,,Y,,B,N,N,D,2,1,0,1,22107.0,2,,,3
2017,2017-06-09,1730,6,2,17,5,N,A,N,A,H,A,N,60,E,11,G,Y,,,,B,N,N,D,1,1,0,0,21954.0,2,40.06040096,-122.15134425,4
2017,2017-06-10,1436,6,2,14,6,N,A,Y,A,H,A,D,22,S,08,B,,,,Y,C,Y,N,D,1,0,0,0,22107.0,2,39.96156,-122.20039972,3
2017,2017-06-11,1120,6,2,11,7,N,B,N,A,H,A,A,07,N,09,D,,,Y,,C,N,N,D,1,0,0,1,21804.0,2,40.05821055,-122.15343552,3
2017,2017-06-12,825,6,2,8,1,N,B,Y,A,H,A,F,26,S,08,F,,,,Y,A,Y,N,D,1,0,0,0,22107.0,1,40.13289789,-122.21971132,4
2017,2017-06-11,1720,6,2,17,7,N,B,Y,B,H,A,D,22,W,01,E,,,,,I,Y,N,D,1,0,0,0,23152.0,1,40.20425098,-121.51151047,3
2017,2017-06-17,727,6,2,7,6,N,A,N,A,H,A,A,07,W,09,F,,,Y,,A,Y,N,D,1,0,0,1,21801.0,2,40.18571,-122.1861037,4
2017,2017-06-18,1310,6,2,13,7,N,A,Y,A,H,A,-,- ,N,18,E,,,,,J,N,N,D,1,0,0,0,,1,40.19977997,-122.24142271,4
2017,2017-06-19,2000,6,2,20,1,N,A,Y,A,H,A,A,01,N,08,C,,,,Y,C,Y,N,D,1,0,0,0,22107.0,2,39.8006328,-122.20030696,4
2017,2017-06-15,2130,6,2,21,4,N,A,Y,A,H,D,A,01,N,08,E,,,,,I,Y,N,D,1,0,0,0,22107.0,1,39.95797,-122.20139,3
2017,2017-06-16,2355,6,2,23,5,N,A,Y,A,H,D,A,07,N,03,C,,,,,C,Y,N,D,1,0,0,0,22350.0,2,40.24323149,-122.25898568,4
2017,2017-06-17,2300,6,2,23,6,N,A,Y,A,H,D,A,07,N,08,E,,,,,I,Y,N,D,1,0,0,0,22107.0,1,40.25539461,-122.26292792,3
2017,2017-06-25,1235,6,2,12,7,N,A,Y,A,H,A,A,07,S,03,C,,,,,C,N,N,D,1,0,0,0,22350.0,2,40.06684,-122.10071088,4
2017,2017-06-27,1610,6,2,16,2,N,A,Y,A,H,A,A,01,N,08,E,,,,,I,Y,N,D,2,0,0,0,22107.0,1,39.90939803,-122.20035055,4
2017,2017-06-28,2300,6,2,23,3,N,A,N,A,H,D,A,01,E,01,E,,,,,I,Y,N,D,2,0,0,0,23152.0,1,40.36727479,-122.24784668,2
2017,2017-06-29,1410,6,2,14,4,Y,A,N,A,H,A,A,01,,09,A,,,,,C,Y,N,D,1,0,0,0,21801.0,2,40.16109995,-122.25656,4
2017,2017-06-30,1150,6,2,11,5,N,A,Y,A,H,A,A,01,S,08,E,,,,,I,Y,N,D,1,0,0,0,22107.0,1,39.81444038,-122.19976439,3
2017,2017-06-29,1420,6,2,14,4,Y,A,N,A,H,A,D,22,,09,D,,,,,C,Y,N,A,2,0,0,0,21802.0,2,40.00547999,-122.17195995,4
2017,2017-07-01,1353,7,2,13,6,N,A,Y,A,H,A,A,01,S,03,C,,,,,C,Y,N,D,2,0,0,0,22350.0,2,40.06858081,-122.21589041,4
2017,2017-07-02,1550,7,2,15,7,N,A,Y,A,H,A,L,04,S,05,A,,Y,,,G,N,N,D,1,0,1,0,21650.0,2,40.02598,-122.09988045,3
2017,2017-07-02,1400,7,2,14,7,N,A,Y,A,H,A,D,22,E,05,A,,,,,C,Y,N,D,4,0,0,0,21460.0,2,40.29451603,-122.62218542,3
2017,2017-06-18,420,6,2,4,7,N,A,Y,A,H,D,B,07,S,08,E,,,,,I,Y,N,D,0,0,0,0,22107.0,1,,,1
2017,2017-07-06,1040,7,2,10,4,N,A,Y,A,H,A,A,07,S,08,E,,,,,I,Y,N,D,1,0,0,0,22107.0,1,40.27964026,-122.27302273,4
2017,2017-07-02,1535,7,2,15,7,N,A,Y,A,H,A,A,07,N,01,B,,,,,C,N,F,D,1,0,0,0,23152.0,2,40.22389565,-122.25370164,3
2017,2017-07-19,1750,7,2,17,3,Y,A,N,A,H,A,D,22,,01,D,,,,,C,Y,N,A,2,0,0,0,23152.0,2,39.94249998,-122.19751988,2
2017,2017-07-11,1945,7,2,19,2,N,A,Y,A,H,A,A,01,S,03,C,,,,,C,Y,N,D,4,0,0,0,22350.0,4,40.17784,-122.22252,4
2017,2017-07-13,1550,7,2,15,4,N,A,Y,A,H,A,C,02,E,08,E,,,Y,,I,Y,N,D,1,0,0,1,22107.0,1,40.26846418,-122.48780427,2
2017,2017-07-15,1155,7,2,11,6,N,A,N,A,H,A,D,22,W,03,C,,,,,C,Y,N,A,4,0,0,0,22350.0,3,39.90630926,-122.17877146,4
2017,2017-07-09,1040,7,2,10,7,N,A,Y,A,H,A,A,01,E,03,E,,,,,I,Y,N,D,1,0,0,0,22350.0,1,,,4
2017,2017-07-22,830,7,2,8,6,N,A,Y,A,H,A,D,22,E,08,E,,,,,I,Y,N,D,2,0,0,0,22107.0,1,40.22496416,-122.45487179,3
2017,2017-07-23,1200,7,2,12,7,N,A,N,A,H,A,D,22,S,03,B,,,,,C,Y,N,A,1,0,0,0,22350.0,2,40.08608079,-122.17396162,2
2017,2017-07-24,910,7,2,9,1,Y,A,Y,A,H,A,F,26,,03,C,,,,Y,C,Y,N,A,2,0,0,0,22350.0,2,40.16944421,-122.16202849,4
2017,2017-07-29,1620,7,2,16,6,N,A,Y,A,H,A,A,07,N,08,E,,,,,I,Y,N,D,1,0,0,0,22107.0,1,40.37322626,-122.28458048,4
2017,2017-07-29,1615,7,2,16,6,N,A,Y,A,H,A,A,07,N,08,E,,,,Y,I,Y,N,D,1,0,0,0,22107.0,2,40.37322626,-122.28458048,3
2017,2017-07-29,1800,7,2,18,6,N,A,Y,A,H,A,C,02,W,03,F,,,Y,,A,Y,N,D,1,0,0,1,22350.0,1,,,3
2017,2017-07-31,420,7,2,4,1,N,A,Y,A,H,D,D,22,N,08,E,,,,,I,Y,N,D,1,0,0,0,22107.0,1,40.15641341,-122.14626033,2
2017,2017-08-01,1205,8,2,12,2,N,A,N,A,H,A,D,22,E,08,E,,,,,J,Y,N,D,1,0,0,0,22107.0,1,40.35982676,-122.42034495,3
2017,2017-08-01,1615,8,2,16,2,Y,A,N,A,H,A,C,02,,09,D,,,Y,,C,N,N,D,1,0,0,1,21800.0,2,40.02299992,-122.09506995,4
2017,2017-08-02,1450,8,2,14,3,N,A,Y,A,H,A,D,22,N,08,E,,,,,I,Y,N,D,1,0,0,0,22107.0,2,40.01504118,-122.20844155,3
2017,2017-08-02,1620,8,2,16,3,N,A,N,A,H,A,A,01,S,03,D,,,,,E,Y,N,D,1,0,0,0,22350.0,2,40.06861222,-122.17013061,4
2017,2017-08-04,2500,8,2,25,5,N,A,N,A,H,D,D,22,N,01,E,,,,,I,Y,N,D,0,0,0,0,23152.0,1,40.35362253,-122.35945014,1
2017,2017-08-05,2200,8,2,22,6,N,A,N,A,H,D,N,60,N,11,G,Y,,,,B,N,N,D,1,1,0,0,21956.0,2,40.18232893,-122.20857866,3
2017,2017-08-10,1235,8,2,12,4,N,A,Y,A,H,A,A,08,N,03,C,,,,Y,C,Y,N,D,1,0,0,0,22350.0,2,40.26524799,-122.26750439,4
2017,2017-08-11,950,8,2,9,5,N,A,Y,A,H,A,A,01,N,07,B,,,,Y,C,Y,N,D,3,0,0,0,21658.0,3,40.20416467,-122.24420247,3
2017,2017-08-12,715,8,2,7,6,N,A,N,A,H,A,D,22,W,08,E,,,,,I,Y,M,D,1,0,0,0,22107.0,1,40.36029565,-122.30533866,4
2017,2017-08-12,2500,8,2,25,6,N,A,N,A,H,D,A,01,S,08,E,,,,,I,Y,M,D,1,0,0,0,22107.0,1,39.90650038,-122.12321526,3
2020,2020-02-06,1124,2,4,11,4,N,A,Y,A,H,A,L,04,S,05,H,,Y,,,G,,N,D,1,0,1,0,21202.0,2,40.177024841308594,-122.23452758789062,3
2017,2017-07-16,1520,7,2,15,7,N,A,Y,A,D,A,C,02,E,03,F,,,Y,,A,Y,N,A,1,0,0,1,22350.0,1,,,1
2017,2017-08-16,730,8,2,7,3,Y,A,N,A,H,A,A,01,,09,D,,,,,C,Y,N,A,2,0,0,0,21802.0,2,39.90939991,-122.12325986,2
2017,2017-08-12,835,8,2,8,6,N,A,N,A,H,A,A,01,E,01,E,,,,,I,Y,F,D,5,0,0,0,23152.0,1,40.08167602,-122.17047593,3
2017,2017-08-15,845,8,2,8,2,N,A,Y,A,H,A,A,01,S,05,B,,,,Y,C,Y,N,D,4,0,0,0,21460.0,4,40.1693908,-122.16195665,2
2017,2017-08-17,1745,8,2,17,4,N,A,N,A,H,A,D,22,S,08,E,,,,,I,Y,N,D,1,0,0,0,22107.0,1,39.88180206,-122.17706356,4
2017,2017-08-18,2245,8,2,22,5,N,A,N,A,H,D,D,22,W,01,E,,,,,I,Y,N,D,1,0,0,0,23152.0,1,40.29460539,-122.29122273,3
2017,2017-08-18,1300,8,2,13,5,Y,A,Y,A,H,A,A,01,,09,D,,,,,C,Y,F,D,1,0,0,0,21802.0,2,39.91318464,-122.01165825,4
2017,2017-08-10,319,8,2,3,4,N,A,Y,A,H,D,A,01,N,01,A,,,,Y,C,Y,N,D,0,0,0,0,23152.0,2,39.8172602,-122.19978591,1
2017,2017-08-20,1255,8,2,12,7,N,A,Y,A,H,A,A,01,N,03,C,,,,,C,Y,M,A,1,0,0,0,22350.0,4,40.24097283,-122.2577809,4
2017,2017-08-20,1445,8,2,14,7,N,A,N,A,H,A,A,01,N,08,E,,,,,I,Y,N,D,2,0,0,0,22107.0,1,40.13140709,-122.13416606,3
2017,2017-08-20,1140,8,2,11,7,N,A,Y,A,H,A,C,02,N,03,C,,,Y,,C,Y,N,D,1,0,0,1,22350.0,3,40.25141735,-122.26142103,4
2017,2017-08-24,635,8,2,6,4,N,A,Y,A,H,A,A,01,N,08,E,,,,,I,N,N,D,1,0,0,0,22107.0,1,39.80046115,-122.20034742,3
2017,2017-08-28,515,8,2,5,1,Y,A,N,A,H,D,F,26,,09,D,,,,Y,D,Y,N,A,2,0,0,0,21802.0,2,40.00547999,-122.17195995,3
2017,2017-09-03,350,9,3,3,7,N,A,N,A,H,D,D,22,W,01,E,,,,,I,Y,N,D,1,0,0,0,23152.0,1,39.87911213,-122.6267148,2
2017,2017-09-01,820,9,3,8,5,N,A,N,A,H,A,A,08,S,08,E,,,,,I,Y,N,D,1,0,0,0,22107.0,1,40.17131237,-122.31093975,3
2017,2017-09-04,505,9,3,5,1,N,A,Y,A,H,D,A,01,S,03,C,,,,,C,Y,N,D,2,0,0,0,22350.0,2,40.31982579,-122.28053363,4
2017,2017-09-03,1540,9,3,15,7,N,A,N,A,H,A,D,22,W,01,F,,,,,A,Y,N,D,2,0,0,0,23152.0,1,40.13587039,-122.3423833,3
2017,2017-09-02,835,9,3,8,6,N,A,Y,A,H,A,-,- ,S,18,E,,,,,I,Y,N,D,0,0,0,0,,1,39.92402956,-122.20008982,1
2017,2017-09-05,2500,9,3,25,2,N,A,N,A,H,D,D,22,S,08,E,,,,,I,Y,N,D,1,0,0,0,22107.0,1,39.99652044,-122.22531739,3
2017,2017-09-05,1525,9,3,15,2,N,A,N,A,H,A,A,01,W,01,B,,,,,C,Y,N,D,1,0,0,0,23152.0,2,40.37172599,-122.22982812,4
2017,2017-09-07,635,9,3,6,4,N,B,Y,B,H,B,A,01,N,03,E,,,,,I,Y,N,A,1,0,0,0,22350.0,1,40.33404757,-122.28180914,4
2017,2017-09-09,5,9,3,0,6,N,A,N,A,C,D,A,07,E,03,E,,,,,I,Y,N,A,1,0,0,0,22350.0,1,40.34999664,-122.35319336,4
2017,2017-09-11,1740,9,3,17,1,Y,A,N,A,H,A,D,22,,03,C,,,,,C,N,N,A,5,0,0,0,22350.0,2,40.00994991,-122.15166991,4
2017,2017-09-13,1124,9,3,11,3,N,A,Y,A,H,A,A,01,N,08,E,,,,,I,Y,N,D,1,0,0,0,22107.0,1,40.18299,-122.22669,4
2020,2020-02-11,225,2,4,2,2,N,A,N,A,H,C,-,- ,S,18,F,,Y,,,I,,N,D,1,0,1,0,,1,40.17316055297852,-122.23119354248048,3
2017,2017-09-17,35,9,3,0,7,N,A,Y,A,H,D,A,07,S,01,E,,,,,I,Y,N,D,1,0,0,0,23152.0,1,40.16768106,-122.15811197,2
2017,2017-09-17,730,9,3,7,7,N,A,N,A,H,A,A,01,S,01,E,,,,,I,Y,N,A,1,0,0,0,23152.0,1,39.90576875,-122.16940847,3
2017,2017-09-19,1210,9,3,12,2,Y,A,N,A,H,A,A,07,,05,B,,,,,C,Y,N,D,1,0,0,0,21752.0,2,40.02606033,-122.17177391,4
2017,2017-09-19,710,9,3,7,2,N,A,N,A,H,A,A,08,E,03,C,,,,,C,Y,N,D,1,0,0,0,22350.0,2,40.3602,-122.32006673,4
2017,2017-09-20,750,9,3,7,3,Y,A,N,A,H,A,A,01,,09,D,,,,,C,N,N,A,1,0,0,0,21802.0,2,40.16488996,-122.27531,4
2017,2017-09-22,1650,9,3,16,5,N,A,N,A,H,A,A,01,S,08,E,,,,,I,Y,N,D,1,0,0,0,22107.0,1,40.20606511,-122.23163695,3
2017,2017-09-22,735,9,3,7,5,Y,A,N,A,H,A,A,01,,09,D,,,,,C,Y,N,A,1,0,0,0,21801.0,2,40.16109995,-122.25656,4
2017,2017-09-22,1452,9,3,14,5,N,A,Y,A,H,A,A,01,S,03,C,,,,,C,Y,N,A,1,0,0,0,22350.0,2,40.26559642,-122.2676642,4
2017,2017-09-27,930,9,3,9,3,Y,A,Y,A,H,A,A,07,,03,C,,,,,C,Y,N,A,3,0,0,0,22350.0,2,40.16813017,-122.15942337,4
2017,2017-09-17,2500,9,3,25,7,N,A,N,A,H,D,A,01,W,01,E,,,,,I,Y,N,D,0,0,0,0,23152.0,1,40.0966866,-122.37502382,1
2017,2017-09-27,1904,9,3,19,3,N,A,N,A,H,D,A,01,E,01,A,,,,,C,Y,N,D,2,0,0,0,23152.0,2,39.96077616,-122.15709694,3
2020,2020-03-01,1747,3,1,17,7,N,A,N,A,H,B,D,22,N,09,A,,,,,C,N,N,D,3,0,0,0,21801.0,2,40.16082763671875,-122.22845458984376,3
2017,2017-09-29,1800,9,3,18,5,N,A,Y,A,H,A,A,01,W,03,E,,,,,I,Y,N,D,1,0,0,0,22350.0,1,,,3
2017,2017-10-02,1720,10,3,17,1,N,A,Y,A,H,A,-,- ,N,18,E,,,,,I,N,N,D,1,0,0,0,,1,40.16012819,-122.22327691,4
2017,2017-08-18,1120,8,2,11,5,N,A,N,A,H,A,D,22,N,03,A,,,,,C,Y,N,D,2,0,0,0,38305.0,2,40.12041582,-121.47529721,3
2017,2017-09-29,730,9,3,7,5,Y,A,Y,A,H,A,A,01,,09,D,,,,,C,Y,N,D,2,0,0,0,21802.0,2,40.1106952,-122.11326533,2
2017,2017-09-30,1630,9,3,16,6,N,A,N,A,H,A,A,01,N,01,E,,,,,I,Y,N,D,1,0,0,0,23152.0,1,39.90651965,-122.17854151,4
2017,2017-10-04,1615,10,3,16,3,Y,A,N,A,H,A,A,01,,09,D,,,Y,,C,N,N,D,1,0,0,1,21801.0,2,40.19733995,-122.26536989,3
2017,2017-10-05,1,10,3,0,4,N,A,Y,A,H,D,A,01,N,08,E,,,,,I,Y,N,D,1,0,0,0,22107.0,1,39.91039615,-122.20005061,2
2020,2020-03-22,1423,3,1,14,7,N,A,N,A,H,A,-,- ,S,22,G,Y,,,,B,N,N,A,1,1,0,0,,2,40.165351867675774,-122.23787689208984,3
2017,2017-10-06,1120,10,3,11,5,N,A,N,A,H,A,D,22,W,01,E,,,,,I,Y,N,D,1,0,0,0,23152.0,1,39.92777194,-122.29378346,3
2017,2017-10-07,1430,10,3,14,6,N,A,N,A,H,A,A,01,S,05,B,,,,,C,Y,N,D,1,0,0,0,21460.0,2,40.39161626,-122.00902617,4
2017,2017-10-09,1720,10,3,17,1,Y,A,N,A,H,A,A,01,,09,D,,,,,C,Y,N,A,1,0,0,0,21802.0,2,39.9139299,-122.21609995,3
2017,2017-10-10,500,10,3,5,2,N,B,Y,A,H,D,A,07,S,08,E,,,,,I,N,N,D,1,0,0,0,22107.0,1,40.27278995,-122.26953418,4
2017,2017-10-17,835,10,3,8,2,N,A,Y,A,H,A,A,01,N,01,C,,,,Y,C,Y,M,A,1,0,0,0,23152.0,2,40.10812597,-122.21821024,4
2017,2017-10-14,1130,10,3,11,6,N,A,Y,A,H,A,A,01,W,05,F,,,,,A,Y,N,D,2,0,0,0,21650.0,1,40.24147638,-121.45094282,3
2020,2020-04-20,1425,4,1,14,1,N,A,Y,A,H,A,D,22,N,09,D,,,,,C,Y,N,D,1,0,0,0,21804.0,2,40.18688201904297,-122.23876953125,4
2017,2017-10-11,1920,10,3,19,3,N,A,Y,A,H,D,D,22,W,08,E,,,,,A,Y,N,D,1,0,0,0,22107.0,1,40.21946137,-121.4872908,3
2017,2017-10-21,400,10,3,4,6,N,A,Y,A,H,C,A,07,S,01,B,,,,,C,Y,N,D,1,0,0,0,23152.0,2,39.87256853,-122.19995249,3
2017,2017-10-13,1025,10,3,10,5,N,A,Y,A,H,A,A,07,S,08,F,,,,,A,Y,N,D,1,0,0,0,22107.0,1,40.25556966,-122.26299469,2
2017,2017-10-14,1150,10,3,11,6,N,A,N,A,H,A,D,22,N,08,E,,,,,I,Y,N,D,1,0,0,0,22107.0,1,40.27398065,-122.40843643,4
2017,2017-10-14,1505,10,3,15,6,N,A,N,A,H,A,A,07,E,09,D,,,,,C,Y,N,D,1,0,0,0,21804.0,2,40.18571,-122.18945283,3
2017,2017-10-15,115,10,3,1,7,N,A,N,A,H,D,D,22,N,01,E,,,,,I,Y,N,D,1,0,0,0,23152.0,1,39.91441865,-122.12328027,3
2017,2017-10-14,1545,10,3,15,6,Y,A,N,A,H,A,D,22,,09,B,,,Y,,C,N,N,D,1,0,0,1,21800.0,2,40.1136399,-122.11720994,3
2017,2017-10-19,1640,10,3,16,4,N,A,Y,A,H,A,A,01,N,04,C,,,,,C,Y,N,D,1,0,0,0,21703.0,2,40.13497759,-122.12599662,4
2017,2017-10-19,2225,10,3,22,4,N,B,Y,B,H,D,A,01,S,03,F,,,,,A,Y,N,D,1,0,0,0,22350.0,1,40.21089501,-122.24828169,3
2017,2017-10-19,2230,10,3,22,4,N,B,Y,B,H,D,A,08,S,03,D,,,,,C,Y,N,D,1,0,0,0,22350.0,3,40.21079361,-122.2482384,4
2017,2017-10-26,1540,10,3,15,4,N,A,N,A,H,A,A,07,W,01,F,,,,,A,Y,N,D,1,0,0,0,23152.0,1,40.19544131,-122.23043888,2
2017,2017-10-28,500,10,3,5,6,N,A,N,A,H,E,D,22,N,00,E,,,,,I,Y,M,D,1,0,0,0,22017.0,1,39.97591861,-122.12250793,3
2017,2017-10-29,810,10,3,8,7,N,A,N,A,H,A,D,22,N,08,E,,,,,I,Y,N,D,2,0,0,0,22107.0,1,40.06896277,-122.16147676,3
2017,2017-10-29,2340,10,3,23,7,N,A,Y,A,H,D,A,01,N,08,E,,,,,I,Y,N,D,1,0,0,0,22107.0,1,39.9439971,-122.20040988,3
2017,2017-11-03,1510,11,3,15,5,N,B,Y,B,H,A,A,01,S,04,E,,,,,I,Y,N,D,3,0,0,0,21703.0,1,40.16352119,-122.15300121,4
2017,2017-11-07,2040,11,3,20,2,N,A,N,A,H,D,D,22,S,01,E,,,,,I,Y,N,D,1,0,0,0,23152.0,1,39.95113055,-122.1792,2
2017,2017-11-08,2340,11,3,23,3,N,B,N,B,H,D,A,07,S,08,E,,,,,I,Y,N,D,1,0,0,0,22107.0,1,40.20741541,-122.2648555,4
2017,2017-11-09,1030,11,3,10,4,N,B,N,A,H,A,D,22,W,08,E,,,,,I,Y,N,D,2,0,0,0,22107.0,1,40.10328796,-122.3572889,3
2017,2017-11-12,1440,11,3,14,7,N,B,Y,A,H,A,A,01,N,01,F,,,,,A,Y,N,D,1,0,0,0,23152.0,1,40.36871882,-122.28441263,4
2017,2017-11-13,1500,11,3,15,1,N,B,Y,A,C,A,A,01,S,03,C,,,,,C,Y,N,D,1,0,0,0,22350.0,2,40.22910105,-122.25487219,3
2017,2017-11-23,2350,11,3,23,4,N,E,Y,A,H,D,A,07,N,01,E,,,,,I,Y,M,D,1,0,0,0,23152.0,1,39.91439,-122.20006486,3
2017,2017-11-19,1845,11,3,18,7,N,A,Y,A,H,D,A,01,W,08,E,,,,,I,Y,N,D,1,0,0,0,22107.0,1,40.09910439,-121.58241559,2
2017,2017-11-27,800,11,3,8,1,N,B,Y,B,H,A,A,01,E,08,E,,,,,I,Y,N,D,1,0,0,0,22107.0,1,40.1812467,-121.54376719,3
2017,2017-10-22,1720,10,3,17,7,Y,A,N,A,H,A,D,22,,12,D,,,Y,,C,Y,N,A,1,0,0,0,22450.0,3,39.79761991,-122.14098997,1
2017,2017-11-20,1705,11,3,17,1,N,B,N,B,H,D,A,07,N,03,D,,,,,C,Y,N,D,3,0,0,0,22350.0,2,40.13365135,-122.20650369,2
2020,2020-02-05,1907,2,4,19,3,N,A,N,A,H,C,A,01,W,03,C,,,,,C,Y,N,A,2,0,0,0,22350.0,2,40.15730285644531,-122.23800659179688,4
2017,2017-11-25,2205,11,3,22,6,N,A,N,A,H,D,A,01,S,01,E,,,,,I,Y,N,D,1,0,0,0,23152.0,1,39.83591355,-122.14417229,3
2017,2017-11-27,1810,11,3,18,1,N,B,N,A,H,D,N,60,N,11,G,Y,,,,B,N,F,D,1,1,0,0,21954.0,2,40.02663405,-122.17174709,2
2017,2017-11-30,1815,11,3,18,4,Y,A,Y,A,H,C,D,22,,01,E,,,,,I,Y,N,D,1,0,0,0,23152.0,1,40.29295,-122.27969,2
2017,2017-11-30,1810,11,3,18,4,Y,A,N,A,H,D,A,07,,09,A,,,,,C,Y,N,D,3,0,0,0,21801.0,2,40.04737313,-122.17044711,2
2017,2017-12-03,1515,12,4,15,7,N,A,Y,A,H,A,A,07,S,08,F,,,,,A,Y,N,D,1,0,0,0,22107.0,1,40.2288371,-122.25439305,4
2017,2017-12-02,213,12,4,2,6,N,A,N,A,H,D,A,01,N,08,A,,,,Y,C,Y,N,D,0,0,0,0,22107.0,2,40.02799919,-122.17166573,1
2017,2017-12-04,2055,12,4,20,1,N,A,Y,A,H,D,-,- ,W,18,E,,,,,J,Y,N,D,1,0,0,0,,1,,,4
2017,2017-10-30,1954,10,3,19,1,N,A,Y,A,H,D,A,01,S,01,A,,,,,C,Y,N,D,1,0,0,0,23152.0,2,39.91973005,-122.20007388,1
2017,2017-12-07,945,12,4,9,4,N,A,Y,A,H,A,G,25,S,03,C,,,,Y,C,Y,N,A,1,0,0,0,22350.0,2,39.84401005,-122.19986442,3
2017,2017-12-10,830,12,4,8,7,Y,A,Y,A,H,A,A,01,,09,D,,,,,C,Y,N,A,1,0,0,0,21802.0,2,40.02482936,-122.09987062,3
2017,2017-12-11,1800,12,4,18,1,N,A,Y,A,H,D,A,07,N,05,A,,,,,C,Y,N,D,2,0,0,0,21460.0,2,40.00606321,-122.0923697,2
2017,2017-12-12,720,12,4,7,2,N,A,N,A,H,A,A,01,W,01,E,,,,,I,Y,N,D,1,0,0,0,23152.0,1,40.17441969,-122.29238432,3
2017,2017-12-08,2330,12,4,23,5,N,A,Y,A,H,D,A,01,N,01,E,,,,,I,Y,N,D,0,0,0,0,23152.0,1,40.34194256,-122.2816657,1
2017,2017-12-16,250,12,4,2,6,N,A,N,A,H,D,D,22,S,08,E,,,,,I,Y,N,D,1,0,0,0,22107.0,1,40.32700735,-122.33111962,1
2017,2017-12-20,1240,12,4,12,3,Y,A,N,A,H,A,A,01,,05,D,,,,,C,Y,N,D,1,0,0,0,21752.0,2,40.24360994,-122.24967998,3
2017,2017-12-25,1544,12,4,15,1,N,A,Y,A,H,A,A,01,S,01,E,,,,,I,Y,N,D,1,0,0,0,23152.0,1,39.95451,-122.20033,3
2017,2017-12-26,1115,12,4,11,2,N,A,Y,A,H,A,A,01,N,08,E,,,,,I,Y,F,D,2,0,0,0,22107.0,2,40.34085351,-122.28229357,3
2018,2018-01-03,1650,1,4,16,3,N,B,N,A,H,B,D,22,S,05,B,,,,,C,Y,M,D,1,0,0,0,21460.0,2,39.92464447021485,-122.21615600585938,3
2018,2018-01-15,1500,1,4,15,1,N,A,Y,A,H,A,A,07,E,03,E,,,,,I,Y,N,D,1,0,0,0,22350.0,1,40.2105827331543,-121.49439239501952,2
2018,2018-01-05,1230,1,4,12,5,N,B,N,B,H,A,A,07,E,08,E,,,,,I,Y,N,D,1,0,0,0,22107.0,1,39.97519302368164,-122.1481475830078,4
2018,2018-01-16,1700,1,4,17,2,Y,A,N,A,H,D,D,22,,01,C,,,,,C,Y,N,D,2,0,0,0,23152.0,2,39.9233283996582,-122.0497589111328,3
2018,2018-01-13,2055,1,4,20,6,N,A,Y,A,H,C,C,02,N,01,E,,,Y,,I,Y,N,D,1,0,0,1,23152.0,1,40.1549186706543,-122.22177124023438,2
2018,2018-01-16,1725,1,4,17,2,N,B,Y,B,H,A,A,01,W,08,E,,,,,I,Y,N,D,1,0,0,0,22107.0,1,,,3
2018,2018-01-14,430,1,4,4,7,Y,A,N,A,H,D,A,01,,01,E,,,,,I,Y,N,D,2,0,0,0,23152.0,1,40.328861236572266,-122.41693878173828,2
2018,2018-01-20,940,1,4,9,6,N,A,Y,A,H,A,A,01,S,03,C,,,,,C,Y,N,D,2,0,0,0,22350.0,2,40.31925964355469,-122.2804946899414,4
2018,2018-01-23,1140,1,4,11,2,N,B,Y,A,H,A,A,07,N,03,C,,,,,C,Y,N,D,3,0,0,0,22350.0,2,40.04733657836913,-122.1005401611328,3
2018,2018-01-27,835,1,4,8,6,N,B,Y,C,H,A,A,07,E,03,E,,,,,I,Y,N,D,1,0,0,0,22350.0,1,40.262649536132805,-121.35051727294922,3
2018,2018-01-25,445,1,4,4,4,N,A,N,A,H,D,A,01,E,08,E,,,,,I,Y,N,D,1,0,0,0,22107.0,1,40.014556884765625,-122.15850830078124,3