ACCIDENT_YEAR,COLLISION_DATE,COLLISION_TIME,MONTH,SEASON,24HOURS,DAY_OF_WEEK,INTERSECTION,WEATHER_1,STATE_HWY_IND,ROAD_SURFACE,ROAD_COND_1,LIGHTING,STWD_VEHTYPE_AT_FAULT,CHP_VEHTYPE_AT_FAULT,DIRECTION,PCF_VIOL_CATEGORY,TYPE_OF_COLLISION,PEDESTRIAN_ACCIDENT,BICYCLE_ACCIDENT,MOTORCYCLE_ACCIDENT,TRUCK_ACCIDENT,MVIW,TOW_AWAY,HIT_AND_RUN,CONTROL_DEVICE,NUMBER_INJURED,COUNT_PED_INJURED,COUNT_BICYCLIST_INJURED,COUNT_MC_INJURED,PCF_VIOLATION,PARTY_COUNT,POINT_Y,POINT_X,COLLISION_SEVERITY
2019,2019-04-25,1905,4,1,19,4,Y,A,N,A,H,A,A,08,,09,D,,,,,C,Y,N,A,2,0,0,0,21802.0,2,,,2
2019,2019-04-29,1448,4,1,14,1,N,A,Y,A,H,A,A,01,S,03,C,,,,,C,N,M,D,3,0,0,0,22350.0,2,39.976028442382805,-122.20208740234376,4
2019,2019-04-13,102,4,1,1,6,N,A,Y,A,H,D,A,01,N,08,E,,,,,I,Y,N,D,0,0,0,0,22107.0,1,40.30600357055664,-122.28003692626952,1
2019,2019-05-02,1025,5,1,10,4,N,A,Y,A,H,A,A,01,S,05,A,,,,Y,C,Y,N,D,2,0,0,0,21460.0,2,39.94593048095703,-122.052490234375,2
2019,2019-05-02,1521,5,1,15,4,N,A,N,A,H,A,D,22,N,03,C,,,,,C,Y,N,D,1,0,0,0,22350.0,2,40.13614654541016,-122.20825958251952,4
2019,2019-05-03,1735,5,1,17,5,Y,A,N,A,H,A,A,01,,03,C,,,,,C,Y,N,D,4,0,0,0,22350.0,3,39.90626907348633,-122.17407989501952,3
2019,2019-05-06,545,5,1,5,1,N,A,Y,A,H,B,A,01,S,05,A,,,,,C,Y,N,D,2,0,0,0,21650.0,3,39.95368194580078,-122.05809020996094,3
2019,2019-05-10,1545,5,1,15,5,Y,A,N,A,H,A,A,01,,03,D,,,,,C,Y,N,A,3,0,0,0,22350.0,2,39.913570404052734,-122.1881866455078,3
2019,2019-05-10,1455,5,1,14,5,Y,A,N,A,H,A,D,22,,09,D,,,,,C,Y,N,D,5,0,0,0,21802.0,2,39.906299591064446,-122.17854309082033,3
2019,2019-05-10,1735,5,1,17,5,Y,A,N,A,H,A,D,22,,03,B,,,,,C,Y,N,D,1,0,0,0,22350.0,2,39.90597915649414,-122.15059661865234,4
2019,2019-05-15,1706,5,1,17,3,N,B,Y,B,H,A,A,07,N,01,C,,,,,C,Y,N,D,5,0,0,0,23152.0,2,39.93796920776367,-122.20011138916016,2
2019,2019-05-02,2500,5,1,25,4,N,A,N,A,H,B,A,07,N,08,E,,,,,I,Y,N,D,0,0,0,0,22107.0,1,40.06299591064453,-122.1387939453125,1
2019,2019-05-13,1415,5,1,14,1,N,A,Y,A,H,A,A,01,S,08,E,,,,,I,Y,N,D,2,0,0,0,22107.0,1,40.05356216430664,-122.10075378417967,3
2019,2019-05-15,1700,5,1,17,3,N,B,N,B,H,A,A,01,E,03,C,,,,,C,Y,N,D,1,0,0,0,22350.0,3,39.90652847290039,-122.102783203125,4
2019,2019-05-12,1118,5,1,11,7,Y,A,Y,A,H,A,A,01,,09,D,,,,,C,N,N,D,1,0,0,0,21801.0,2,40.07419204711913,-122.10068511962892,4
2019,2019-05-13,1605,5,1,16,1,N,A,N,A,H,A,D,22,W,03,C,,,,,C,Y,N,A,4,0,0,0,22350.0,2,39.9062728881836,-122.17465972900392,3
2019,2019-05-15,1744,5,1,17,3,N,B,Y,B,H,A,A,07,N,07,B,,,,,C,Y,N,D,1,0,0,0,21658.0,2,39.88494110107422,-122.19996643066406,2
2019,2019-05-16,1430,5,1,14,4,N,B,N,A,H,A,D,22,E,08,E,,,,,I,Y,N,D,1,0,0,0,22107.0,1,39.906028747558594,-122.13987731933594,3
2019,2019-05-23,730,5,1,7,4,N,A,Y,A,H,A,D,22,E,05,A,,,,,C,Y,N,D,3,0,0,0,21650.0,2,40.22171401977539,-122.17251586914062,3
2020,2020-05-06,1251,5,1,12,3,N,A,Y,A,H,A,D,22,E,03,E,Y,,,,I,Y,N,D,1,1,0,0,22350.0,2,40.18144989013672,-122.22342681884766,3
2019,2019-05-25,1127,5,1,11,6,N,A,N,A,H,A,C,06,N,08,F,,,Y,,A,N,N,D,2,0,0,2,22107.0,1,40.055294036865234,-122.09116363525392,2
2019,2019-05-25,250,5,1,2,6,N,A,N,A,H,D,A,01,S,01,F,,,,,A,Y,N,D,2,0,0,0,23152.0,1,40.02406692504882,-122.2956085205078,2
2019,2019-05-30,1500,5,1,15,4,N,B,Y,A,H,A,A,01,W,08,E,,,,,I,Y,N,D,2,0,0,0,22107.0,1,40.24479675292969,-122.46230316162108,2
2019,2019-06-02,1348,6,2,13,7,N,A,N,A,H,A,A,01,W,08,B,,,,,C,Y,N,D,1,0,0,0,22107.0,2,39.90665054321289,-122.1137924194336,3
2019,2019-06-03,730,6,2,7,1,Y,A,N,A,H,A,D,22,,09,D,,,,,C,N,N,A,1,0,0,0,21802.0,2,40.36901092529297,-122.2825927734375,4
2019,2019-06-06,1220,6,2,12,4,Y,A,N,A,H,A,A,08,,03,C,,,,,C,N,N,D,2,0,0,0,22350.0,2,39.90623092651367,-122.16941833496094,3
2019,2019-06-07,1213,6,2,12,5,N,A,Y,A,H,A,A,01,N,08,C,,,,Y,C,Y,N,D,1,0,0,0,22107.0,2,39.849708557128906,-122.2001724243164,3
2019,2019-06-15,1440,6,2,14,6,N,A,Y,A,H,A,C,02,W,08,E,,,Y,,J,Y,N,D,1,0,0,1,22107.0,1,40.27433013916016,-121.4281768798828,2
2019,2019-06-10,155,6,2,1,1,N,A,Y,A,H,D,E,22,N,08,E,,,,,I,Y,N,D,1,0,0,0,22107.0,1,,,4
2019,2019-06-11,1200,6,2,12,2,N,A,Y,A,H,A,G,25,N,03,C,,,,Y,C,Y,N,D,4,0,0,0,22350.0,3,40.092247009277344,-122.21710205078124,3
2019,2019-06-12,814,6,2,8,3,N,A,Y,A,H,A,F,26,S,03,C,,,,Y,C,Y,N,D,1,0,0,0,22350.0,2,39.896331787109375,-122.20030975341795,4
2019,2019-06-12,1612,6,2,16,3,N,A,N,A,H,A,D,22,E,08,B,,,Y,,C,Y,N,D,1,0,0,1,22107.0,2,40.11753082275391,-122.40582275390624,4
2019,2019-06-13,640,6,2,6,4,N,A,Y,A,H,A,A,08,N,08,E,,,,,I,Y,N,D,1,0,0,0,22107.0,1,39.800907135009766,-122.20024871826172,3
2019,2019-06-14,125,6,2,1,5,N,A,Y,A,H,D,A,08,N,01,C,,,,,C,Y,N,D,2,0,0,0,23152.0,2,39.97488784790039,-122.0761489868164,3
2019,2019-06-17,1327,6,2,13,1,Y,A,N,A,H,A,J,48,,08,E,,,,,I,Y,N,D,1,0,0,0,22107.0,1,40.18601989746094,-122.21246337890624,4
2019,2019-06-14,757,6,2,7,5,N,A,Y,A,H,A,A,01,N,03,D,,,,,C,Y,N,D,3,0,0,0,22350.0,4,39.888519287109375,-122.20000457763672,3
2019,2019-06-16,1510,6,2,15,7,N,A,N,A,H,A,C,02,N,08,F,,,Y,,A,N,N,D,1,0,0,1,22107.0,2,40.169788360595696,-122.16243743896484,3
2019,2019-06-16,1100,6,2,11,7,N,A,Y,A,H,A,C,02,W,08,F,,,Y,,A,Y,N,D,1,0,0,1,22107.0,1,40.29487991333008,-122.62290954589844,3
2019,2019-06-17,1425,6,2,14,1,N,A,Y,A,H,A,A,07,,08,A,,,,Y,C,Y,N,D,1,0,0,0,22107.0,2,40.078022003173835,-122.10065460205078,3
2019,2019-06-15,1435,6,2,14,6,N,A,Y,A,H,A,D,22,S,07,C,,,,,C,Y,N,D,3,0,0,0,21658.0,3,39.81369018554688,-122.19976043701172,4
2019,2019-06-19,1115,6,2,11,3,N,A,Y,A,H,A,A,01,E,08,F,,,,,A,Y,N,D,1,0,0,0,22107.0,1,,,3
2019,2019-06-19,1247,6,2,12,3,N,A,Y,A,H,A,A,01,N,03,C,,,,,C,Y,N,D,1,0,0,0,22350.0,2,40.270751953125,-122.2687530517578,4
2019,2019-06-20,1942,6,2,19,4,N,A,Y,A,H,A,A,07,S,03,E,,,,,I,Y,N,D,2,0,0,0,22350.0,1,39.96088409423828,-122.06880950927734,4
2019,2019-06-20,2155,6,2,21,4,N,A,N,A,H,D,D,22,N,08,G,Y,,,,B,N,F,D,1,1,0,0,22107.0,2,39.89421844482422,-122.19747924804688,3
2019,2019-06-24,730,6,2,7,1,N,A,N,A,H,A,C,02,W,08,F,,,Y,,A,N,N,D,1,0,0,1,22107.0,1,39.958003997802734,-122.34333038330078,3
2019,2019-06-26,1325,6,2,13,3,N,A,Y,A,H,A,A,01,E,08,E,,,,,I,Y,N,D,1,0,0,0,22107.0,1,40.34401321411133,-121.66155242919922,4
2019,2019-06-28,1730,6,2,17,5,N,A,Y,A,H,A,A,07,S,03,C,,,,,C,Y,N,A,1,0,0,0,22350.0,3,39.98883438110352,-122.20417022705078,4
2019,2019-07-01,1810,7,2,18,1,N,A,N,A,H,A,A,01,N,08,E,,,,,I,Y,N,D,1,0,0,0,22107.0,1,39.85624313354492,-122.19734191894533,4
2019,2019-07-09,1120,7,2,11,2,N,A,Y,A,H,A,C,02,N,03,F,,,Y,,I,Y,N,D,1,0,0,1,22350.0,1,,,2
2019,2019-07-05,1410,7,2,14,5,N,A,Y,A,H,A,-,- ,S,18,E,,,,,I,Y,N,D,3,0,0,0,,1,40.212135314941406,-122.24878692626952,4
2019,2019-07-05,15,7,2,0,5,N,A,N,A,H,D,A,07,N,01,E,,,,,I,N,N,D,1,0,0,0,23152.0,1,39.86954116821289,-122.33455657958984,3
2019,2019-07-06,1815,7,2,18,6,N,A,N,A,H,A,A,01,W,08,E,,,,,I,Y,N,D,1,0,0,0,22107.0,1,39.92210006713867,-122.32949829101562,3
2019,2019-07-13,252,7,2,2,6,N,A,N,A,H,D,C,02,W,01,E,,,Y,,I,Y,N,D,1,0,0,1,23152.0,1,40.34719467163086,-122.35448455810548,2
2019,2019-07-14,850,7,2,8,7,N,A,N,A,H,A,-,- ,N,18,H,,,,,H,Y,N,D,1,0,0,0,,1,39.915035247802734,-122.12328338623048,3
2019,2019-07-12,1740,7,2,17,5,N,A,Y,A,H,A,A,08,N,08,E,,,,,I,Y,N,D,1,0,0,0,22107.0,1,40.17417907714844,-122.16661834716795,3
2019,2019-07-13,1530,7,2,15,6,N,A,N,A,H,A,C,02,E,08,F,,,Y,,A,Y,N,D,1,0,0,1,22107.0,1,40.41170120239258,-121.92904663085938,2
2019,2019-07-13,2000,7,2,20,6,N,A,Y,A,H,A,A,01,N,08,E,,,,,I,Y,N,D,3,0,0,0,22107.0,1,39.80081558227539,-122.20027160644533,3
2019,2019-07-13,2100,7,2,21,6,N,A,Y,A,H,D,A,01,S,01,B,,,,,C,Y,N,D,2,0,0,0,23152.0,2,40.18219757080078,-122.17422485351562,3
2019,2019-07-14,913,7,2,9,7,N,A,Y,A,H,A,C,02,W,03,C,,,Y,,C,Y,N,A,2,0,0,2,22350.0,2,40.319610595703125,-122.78964996337892,2
2019,2019-07-15,1530,7,2,15,1,N,A,Y,A,H,A,A,08,N,01,E,,,,,I,Y,N,D,1,0,0,0,23152.0,1,39.9655876159668,-122.2001724243164,3
2019,2019-07-15,1200,7,2,12,1,N,A,Y,A,H,A,A,07,S,03,E,,,,,I,Y,N,A,1,0,0,0,22350.0,1,40.34358596801758,-122.2825164794922,4
2019,2019-07-24,1620,7,2,16,3,N,A,Y,A,H,A,D,22,W,03,C,,,,,C,Y,N,D,1,0,0,0,22350.0,2,40.22426223754882,-121.47662353515624,4
2020,2020-05-18,2111,5,1,21,1,N,B,Y,A,H,D,A,01,E,08,C,,Y,,,G,N,N,D,1,0,1,0,22107.0,2,40.18609619140625,-122.21166229248048,2
2019,2019-07-19,1339,7,2,13,5,Y,A,N,A,D,A,D,22,,09,D,,,,,C,Y,N,D,1,0,0,0,21802.0,2,40.084259033203125,-122.2331771850586,4
2019,2019-07-19,2335,7,2,23,5,N,A,N,A,H,D,A,01,W,08,E,,,,,I,Y,N,D,1,0,0,0,22107.0,1,40.37220764160156,-122.23535919189452,2
2019,2019-07-24,1345,7,2,13,3,N,A,Y,A,H,A,D,22,W,01,B,,,,,C,Y,N,D,2,0,0,0,23152.0,2,,,4
2019,2019-07-25,1322,7,2,13,4,Y,A,Y,A,H,A,A,01,,09,A,,,,,C,Y,N,D,3,0,0,0,21801.0,2,40.16943359375,-122.16201782226562,3
2019,2019-07-28,1640,7,2,16,7,N,A,N,A,H,A,D,22,E,01,E,,,,,I,N,N,D,1,0,0,0,23152.0,1,40.081581115722656,-122.17082977294922,4
2019,2019-07-29,510,7,2,5,1,N,A,Y,A,H,B,A,01,S,07,C,,,,Y,C,Y,N,D,2,0,0,0,21658.0,2,40.02405548095703,-122.20960235595705,4
2019,2019-07-31,1255,7,2,12,3,N,A,N,A,H,A,D,22,S,01,A,,,,,C,Y,N,D,3,0,0,0,23152.0,2,40.144058227539055,-122.21367645263672,2
2019,2019-08-02,1340,8,2,13,5,N,A,N,A,H,A,D,22,W,01,A,,,,,C,Y,F,D,1,0,0,0,23152.0,2,39.91225814819336,-122.08507537841795,2
2019,2019-08-02,1945,8,2,19,5,N,A,N,A,H,A,A,01,W,05,D,,,,,C,Y,N,D,2,0,0,0,21660.0,2,40.158401489257805,-122.361083984375,4
2019,2019-08-10,2205,8,2,22,6,N,A,N,A,H,D,A,01,N,08,E,,,,,I,Y,N,D,1,0,0,0,22107.0,1,40.36924743652344,-122.02073669433594,3
2019,2019-08-14,1630,8,2,16,3,N,A,N,A,H,A,D,22,N,01,E,,,,,I,Y,N,D,1,0,0,0,23152.0,1,39.93688201904297,-122.1882095336914,3
2019,2019-08-19,1630,8,2,16,1,N,A,N,A,H,A,A,01,S,08,E,,,,,I,Y,N,D,1,0,0,0,22107.0,1,40.316303253173835,-122.27227783203124,3
2019,2019-08-20,1850,8,2,18,2,N,A,N,A,H,A,A,07,E,08,D,,Y,,,G,N,N,D,1,0,1,0,22107.0,2,40.03228759765625,-122.10578155517578,4
2019,2019-08-21,315,8,2,3,3,N,A,Y,A,H,D,A,01,N,01,F,,,,,A,Y,N,D,1,0,0,0,23152.0,1,,,2
2019,2019-08-19,1110,8,2,11,1,N,A,Y,A,H,A,D,22,N,08,F,,,,,A,Y,N,D,1,0,0,0,22107.0,1,40.00163650512695,-122.2062530517578,2
2019,2019-08-21,335,8,2,3,3,N,A,Y,A,H,D,A,01,N,03,C,,,,,C,Y,N,D,2,0,0,0,22350.0,2,39.80035018920898,-122.2000732421875,4
2019,2019-08-14,1835,8,2,18,3,N,A,N,A,H,A,D,22,W,01,F,,,,,A,Y,N,D,0,0,0,0,23152.0,1,39.81982421875,-122.32646942138672,1
2019,2019-08-21,320,8,2,3,3,N,A,Y,A,C,D,-,- ,N,18,B,,,,,C,Y,N,D,1,0,0,0,,2,39.799835205078125,-122.20053100585938,4
2019,2019-08-22,1710,8,2,17,4,N,A,N,A,H,A,A,01,E,08,E,,,,,I,Y,N,D,1,0,0,0,22107.0,1,40.36101913452149,-122.30194091796876,2
2019,2019-08-25,625,8,2,6,7,N,A,Y,A,H,A,A,01,S,08,F,,,,,A,Y,N,D,4,0,0,0,22107.0,1,40.132976531982415,-122.12419128417967,2
2019,2019-08-05,30,8,2,0,1,N,A,N,A,H,D,N,60,E,11,G,Y,,,,B,N,N,D,0,0,0,0,21954.0,2,40.04733657836913,-122.16287231445312,1
2019,2019-08-23,810,8,2,8,5,Y,A,N,A,H,A,A,01,,09,D,,,,,C,Y,N,A,1,0,0,0,21802.0,2,40.06874,-122.17012,3
2019,2019-08-25,1405,8,2,14,7,N,A,N,A,H,A,C,02,W,03,F,,,Y,,A,Y,N,D,2,0,0,2,22350.0,1,39.92915725708008,-122.27264404296876,2
2019,2019-08-24,1632,8,2,16,6,N,A,Y,A,H,A,D,22,N,01,E,,,,,I,Y,N,D,1,0,0,0,23152.0,1,40.159950256347656,-122.22364044189452,3
2019,2019-08-26,1720,8,2,17,1,Y,A,Y,A,H,A,D,22,,09,D,,,,,C,Y,N,D,1,0,0,0,21801.0,2,39.931835174560554,-122.03308868408205,4
2019,2019-09-03,2340,9,3,23,2,N,A,Y,A,H,D,A,01,N,03,C,,,,,C,Y,N,D,1,0,0,0,22350.0,2,40.26450347900391,-122.26716613769533,2
2019,2019-09-04,1120,9,3,11,3,N,A,Y,A,H,A,D,22,S,03,C,,,,,C,N,N,D,2,0,0,0,22350.0,2,39.9726676940918,-122.07504272460938,4
2019,2019-08-13,2318,8,2,23,2,N,A,Y,A,H,D,A,07,N,05,A,,,,,C,Y,N,D,0,0,0,0,21460.0,2,40.07514190673828,-122.10066986083984,1
2019,2019-09-09,630,9,3,6,1,N,A,Y,A,H,B,A,07,S,03,C,,,,,C,Y,N,D,4,0,0,0,22350.0,2,39.93177032470703,-122.03302001953124,4
2019,2019-09-09,1602,9,3,16,1,Y,A,N,A,H,A,G,25,,09,A,,,,Y,C,Y,N,D,1,0,0,0,21801.0,2,40.13352966308594,-122.2064208984375,3
2019,2019-09-14,251,9,3,2,6,N,A,Y,A,H,D,A,07,S,08,E,,,,,I,Y,N,D,1,0,0,0,22107.0,1,40.20218276977539,-122.24322509765624,4
2019,2019-09-17,715,9,3,7,2,Y,A,Y,A,H,A,A,01,,09,A,,,,,C,Y,N,D,4,0,0,0,21801.0,2,40.0054817199707,-122.17195892333984,2
2019,2019-09-18,1220,9,3,12,3,Y,B,N,A,H,A,F,26,,09,D,,,,Y,C,Y,N,A,1,0,0,0,21802.0,2,39.81143951416016,-122.10399627685548,4
2019,2019-08-30,1255,8,2,12,5,N,A,Y,A,H,A,A,01,N,08,B,,,,Y,C,Y,F,D,2,0,0,0,22107.0,3,40.33292770385742,-122.28130340576172,2
2019,2019-09-18,1226,9,3,12,3,N,A,Y,A,H,A,A,01,S,08,E,,,,,I,Y,N,D,1,0,0,0,22107.0,1,40.28034210205078,-122.27330780029295,3
2019,2019-09-20,1500,9,3,15,5,N,A,Y,A,H,A,A,01,W,08,E,,,,,I,Y,N,D,1,0,0,0,22107.0,1,40.3287353515625,-122.84188842773438,3
2019,2019-09-20,1815,9,3,18,5,N,A,N,A,H,A,A,08,S,03,C,,,,Y,C,Y,N,D,3,0,0,0,22350.0,2,39.88146209716797,-122.19743347167967,3
2019,2019-09-25,1345,9,3,13,3,N,A,Y,A,H,A,C,02,W,08,E,,,Y,,I,Y,N,D,1,0,0,1,22107.0,1,40.23932266235352,-122.46230316162108,4
2019,2019-09-28,1725,9,3,17,6,N,F,N,A,H,A,A,07,N,09,A,,,,,C,Y,N,D,1,0,0,0,21801.0,2,39.925487518310554,-122.12328338623048,4
2019,2019-09-29,1600,9,3,16,7,N,B,Y,B,H,A,-,- ,W,18,E,,,Y,,I,Y,N,D,1,0,0,1,,1,40.301094055175774,-122.10203552246094,3
2019,2019-09-26,1557,9,3,15,4,N,A,Y,A,H,A,D,22,E,08,F,,,,,A,Y,N,D,1,0,0,0,22107.0,1,,,3
2019,2019-10-01,2300,10,3,23,2,N,A,N,A,H,D,D,22,N,01,E,,,,,I,Y,N,D,1,0,0,0,23152.0,1,40.37189102172852,-122.2838897705078,4
2019,2019-09-29,1210,9,3,12,7,N,A,Y,A,H,A,D,22,E,08,F,,,,,I,Y,N,D,2,0,0,0,22107.0,1,40.09904861450195,-121.58246612548828,2
2019,2019-10-05,1255,10,3,12,6,N,A,N,A,H,A,A,07,E,08,E,,,,,I,N,N,D,1,0,0,0,22107.0,1,40.012882232666016,-122.37822723388672,4
2019,2019-10-07,2303,10,3,23,1,N,A,Y,A,H,E,A,01,N,08,E,,,,,I,Y,N,D,1,0,0,0,22107.0,1,40.18328857421875,-122.22701263427734,3
2019,2019-10-10,1130,10,3,11,4,Y,A,Y,A,H,A,D,22,,09,A,,,,,C,N,N,D,1,0,0,0,21801.0,2,40.33479309082031,-121.92138671875,4
2019,2019-10-12,518,10,3,5,6,N,A,Y,A,H,A,A,01,W,08,B,,,,,C,Y,N,D,2,0,0,0,22107.0,2,40.27655792236328,-122.12419128417967,3
2019,2019-10-13,1730,10,3,17,7,Y,A,N,A,H,A,A,07,,12,D,,,,,C,Y,N,A,1,0,0,0,22450.0,2,39.95695877075195,-122.19747924804688,4
2019,2019-10-14,2028,10,3,20,1,N,A,Y,A,H,D,D,22,S,03,C,,,,,C,Y,N,D,1,0,0,0,22350.0,2,39.90380859375,-122.2004165649414,4
2019,2019-10-20,1505,10,3,15,7,N,A,N,A,H,A,D,22,E,08,E,,,,,I,Y,M,D,1,0,0,0,22107.0,1,40.295677185058594,-122.29312133789062,4
2019,2019-10-21,410,10,3,4,1,N,A,Y,A,H,D,D,22,N,01,E,,,,,I,Y,N,D,1,0,0,0,23152.0,1,39.95878601074219,-122.06096649169922,3
2019,2019-10-12,2225,10,3,22,6,N,A,N,A,H,D,C,02,W,01,F,,,Y,,A,Y,N,D,1,0,0,1,23152.0,1,40.259159088134766,-122.2407684326172,1
2019,2019-10-24,1508,10,3,15,4,N,A,Y,A,H,A,A,07,S,08,F,,,,,I,Y,N,D,1,0,0,0,22107.0,1,40.28317260742188,-122.27519989013672,3
2020,2020-05-30,1655,5,1,16,6,N,B,N,A,H,A,A,01,W,08,D,,,,,C,Y,N,D,2,0,0,0,22107.0,2,40.18365478515625,-122.2404327392578,3
2019,2019-10-25,850,10,3,8,5,N,A,N,A,H,A,A,01,E,08,E,,,,,I,Y,N,D,1,0,0,0,22107.0,1,40.300647735595696,-122.3283920288086,3
2019,2019-10-27,150,10,3,1,7,N,A,N,A,H,D,A,01,W,08,E,,,,,I,Y,M,D,1,0,0,0,22107.0,1,39.92881774902344,-122.12864685058594,3
2019,2019-10-29,137,10,3,1,2,N,A,Y,A,H,C,A,07,S,08,E,,,,,I,Y,N,D,2,0,0,0,22107.0,1,40.35757446289063,-122.28355407714844,2
2019,2019-10-31,820,10,3,8,4,N,A,Y,A,H,A,D,22,N,08,E,,,,,I,Y,N,D,1,0,0,0,22107.0,1,40.25894165039063,-122.26426696777344,2
2019,2019-10-31,2240,10,3,22,4,N,A,Y,A,H,C,A,01,N,01,F,,,,,A,Y,N,D,1,0,0,0,23152.0,1,40.18370819091797,-122.22744750976562,3
2019,2019-11-03,2037,11,3,20,7,Y,A,N,A,H,D,D,22,,01,E,,,,,I,Y,N,D,2,0,0,0,23152.0,1,40.06904983520508,-122.18904876708984,4
2019,2019-11-03,1430,11,3,14,7,Y,A,N,A,H,A,D,22,,12,D,,,,,C,Y,N,D,1,0,0,0,22450.0,2,40.00086975097656,-122.22527313232422,4
2019,2019-11-04,1755,11,3,17,1,Y,A,N,A,H,C,A,01,,12,D,,,,,C,Y,N,A,3,0,0,0,22450.0,2,39.92829895019531,-122.2161865234375,4
2019,2019-10-25,1927,10,3,19,5,N,A,Y,A,H,D,N,60,N,11,G,Y,,,,B,Y,N,D,1,0,0,0,21954.0,2,40.15161895751953,-122.22354888916016,1
2019,2019-11-14,1335,11,3,13,4,N,A,Y,A,H,A,G,25,E,08,F,,,,Y,A,Y,N,D,1,0,0,0,22107.0,1,40.34860610961913,-121.53819274902344,3
2019,2019-11-04,1600,11,3,16,1,N,A,Y,A,H,A,E,22,E,08,E,,,,,I,Y,M,D,1,0,0,0,22107.0,1,,,3
2019,2019-11-13,1530,11,3,15,3,Y,A,N,A,H,A,L,04,,09,H,,Y,,,G,N,N,D,1,0,1,0,21804.0,2,39.90641021728516,-122.18824768066406,2
2019,2019-11-18,1825,11,3,18,1,N,A,N,A,H,D,A,08,S,08,E,,,,,I,Y,N,D,1,0,0,0,22107.0,1,40.410839080810554,-121.96109771728516,3
2019,2019-11-21,1548,11,3,15,4,N,A,Y,A,H,A,F,25,E,08,F,,,,Y,A,Y,N,D,1,0,0,0,22107.0,1,40.349605560302734,-121.53821563720705,3
2019,2019-11-24,100,11,3,1,7,N,A,Y,A,H,D,-,- ,N,18,H,,,,,H,Y,N,D,1,0,0,0,,1,40.25852584838867,-122.26410675048828,4
2020,2020-06-11,1245,6,2,12,4,Y,A,Y,A,H,A,A,01,,12,G,Y,,,,B,Y,N,A,1,1,0,0,21453.0,2,40.165771484375,-122.2281494140625,3
2020,2020-06-01,1321,6,2,13,1,Y,A,N,A,H,A,A,01,,12,D,,,,,C,Y,N,A,1,0,0,0,22450.0,2,40.16109848022461,-122.25028228759766,4
2019,2019-11-29,1220,11,3,12,5,N,A,N,A,H,A,A,01,W,09,D,,,,,C,Y,N,D,2,0,0,0,21804.0,2,40.150238037109375,-122.2614974975586,3
2019,2019-11-09,1759,11,3,17,6,N,A,N,A,H,D,A,01,E,01,E,,,,,I,Y,N,D,0,0,0,0,23152.0,1,39.92788696289063,-122.14041900634766,1
2019,2019-12-02,1330,12,4,13,1,N,B,N,B,H,A,D,22,S,03,E,,,,,I,N,N,D,2,0,0,0,22350.0,1,40.321571350097656,-122.3321533203125,3
2019,2019-12-04,2320,12,4,23,3,N,A,N,A,H,D,D,22,E,08,E,,,,,I,Y,N,D,1,0,0,0,22107.0,1,40.3637924194336,-122.271240234375,2
2019,2019-12-08,1845,12,4,18,7,N,A,Y,A,H,C,A,07,N,08,F,,,,,A,Y,N,D,1,0,0,0,22107.0,1,40.20312881469727,-122.24432373046876,2
2019,2019-11-24,107,11,3,1,7,N,A,Y,A,H,D,A,01,S,08,E,,,,,I,Y,N,D,0,0,0,0,22107.0,1,40.14982604980469,-122.14003753662108,1