ACCIDENT_YEAR,COLLISION_DATE,COLLISION_TIME,MONTH,SEASON,24HOURS,DAY_OF_WEEK,INTERSECTION,WEATHER_1,STATE_HWY_IND,ROAD_SURFACE,ROAD_COND_1,LIGHTING,STWD_VEHTYPE_AT_FAULT,CHP_VEHTYPE_AT_FAULT,DIRECTION,PCF_VIOL_CATEGORY,TYPE_OF_COLLISION,PEDESTRIAN_ACCIDENT,BICYCLE_ACCIDENT,MOTORCYCLE_ACCIDENT,TRUCK_ACCIDENT,MVIW,TOW_AWAY,HIT_AND_RUN,CONTROL_DEVICE,NUMBER_INJURED,COUNT_PED_INJURED,COUNT_BICYCLIST_INJURED,COUNT_MC_INJURED,PCF_VIOLATION,PARTY_COUNT,POINT_Y,POINT_X,COLLISION_SEVERITY
2019,2019-12-17,1700,12,4,17,2,Y,A,N,A,H,D,A,07,,01,D,,,,,C,Y,N,A,3,0,0,0,23152.0,3,40.0054817199707,-122.17195892333984,2
2019,2019-12-16,1640,12,4,16,1,Y,A,N,A,H,A,C,02,,03,C,,,Y,,C,Y,N,A,1,0,0,1,22350.0,2,40.13518142700195,-122.20758056640624,3
2019,2019-12-20,1930,12,4,19,5,N,B,Y,A,H,C,A,08,S,01,E,,,,,I,Y,N,D,1,0,0,0,23152.0,1,40.28504943847656,-122.27605438232422,3
2019,2019-12-21,951,12,4,9,6,N,B,Y,A,H,A,A,01,S,08,E,,,,,I,Y,N,D,1,0,0,0,22107.0,1,40.000537872314446,-122.08953857421876,4
2019,2019-12-23,1630,12,4,16,1,Y,A,N,A,H,A,A,01,,09,D,,,,,C,Y,N,A,3,0,0,0,21802.0,2,40.00086975097656,-122.22527313232422,3
2019,2019-12-24,25,12,4,0,2,N,A,Y,A,H,D,-,- ,S,18,H,,,,,H,N,N,D,4,0,0,0,,1,40.05250930786133,-122.10076141357422,4
2019,2019-12-25,900,12,4,9,3,N,B,N,B,H,A,D,22,W,08,E,,,,,I,Y,N,D,1,0,0,0,22107.0,1,40.081939697265625,-122.18331909179688,3
2019,2019-12-29,2358,12,4,23,7,N,B,N,B,H,D,-,- ,S,18,E,,,,,I,Y,N,D,1,0,0,0,,1,40.04682159423828,-122.1462631225586,4
2019,2019-12-26,2345,12,4,23,4,N,A,N,A,H,D,D,22,S,08,E,,,,,J,Y,M,D,1,0,0,0,22107.0,2,40.139102935791016,-122.29592895507812,3
2019,2019-12-29,1435,12,4,14,7,N,B,Y,C,H,A,A,01,E,03,E,,,,,I,Y,N,D,1,0,0,0,22350.0,1,40.346038818359375,-121.68355560302734,4
2019,2019-12-27,830,12,4,8,5,Y,A,N,A,H,A,D,22,,09,D,,,,,C,Y,N,D,2,0,0,0,21802.0,2,39.90623092651367,-122.16941833496094,4
2019,2019-12-30,1215,12,4,12,1,N,A,Y,A,H,A,D,22,N,08,F,,,,,A,Y,N,D,1,0,0,0,22107.0,1,39.960079193115234,-122.06678771972656,3
2019,2019-12-31,1525,12,4,15,2,N,B,Y,A,H,A,A,01,E,08,F,,,,,A,Y,N,D,0,0,0,0,22107.0,1,40.2501335144043,-122.14787292480467,1
2020,2020-01-03,2050,1,4,20,5,N,A,N,A,H,D,A,01,S,01,E,,,,,I,Y,N,D,1,0,0,0,23152.0,1,40.35839080810546,-122.42517852783205,2
2020,2020-01-06,1843,1,4,18,1,N,A,N,A,H,D,A,01,S,08,E,,,,,I,Y,N,D,1,0,0,0,22107.0,1,39.959014892578125,-122.33980560302734,4
2020,2020-01-10,412,1,4,4,5,N,A,Y,A,H,C,A,01,N,05,A,,,,,C,Y,N,D,2,0,0,0,21651.0,2,40.347354888916016,-122.28280639648438,4
2020,2020-01-07,750,1,4,7,2,Y,A,N,A,H,A,A,01,,09,D,,,,,C,Y,N,D,6,0,0,0,21802.0,2,40.047401,-122.170403,2
2020,2020-01-09,2340,1,4,23,4,N,A,N,A,H,D,A,01,N,08,E,,,,,I,Y,N,D,1,0,0,0,22107.0,1,40.1912498474121,-122.26546478271484,4
2020,2020-01-12,40,1,4,0,7,N,A,Y,A,H,D,D,22,N,01,E,,,,,I,Y,N,D,1,0,0,0,23152.0,1,39.89348983764648,-121.9890594482422,3
2020,2020-01-16,750,1,4,7,4,N,B,Y,C,E,A,G,27,W,03,E,,,,Y,I,Y,N,D,1,0,0,0,22350.0,2,40.367713928222656,-121.53902435302734,4
2020,2020-01-16,831,1,4,8,4,N,B,N,B,H,A,A,07,W,06,B,,,,,C,N,N,D,1,0,0,0,21750.0,2,40.168434143066406,-122.26747894287108,4
2020,2020-01-18,515,1,4,5,6,N,A,N,A,H,D,A,01,S,03,E,,,,,I,Y,N,D,1,0,0,0,22350.0,1,39.94231033325195,-122.16487121582033,3
2020,2020-01-19,1934,1,4,19,7,N,A,Y,A,H,D,D,22,S,01,E,,,,,I,Y,N,D,1,0,0,0,23152.0,1,40.31762313842773,-122.28079223632812,3
2020,2020-01-18,1925,1,4,19,6,N,B,Y,A,H,D,A,01,S,03,C,,,,,C,N,N,D,3,0,0,0,22350.0,2,40.31612014770508,-122.28070068359376,4
2020,2020-01-21,1410,1,4,14,2,Y,B,Y,B,H,A,C,02,,09,D,,,Y,,C,N,N,D,1,0,0,1,21802.0,2,40.047508239746094,-122.10055541992188,3
2020,2020-01-23,1358,1,4,13,4,N,B,Y,A,H,A,A,01,N,07,B,,,,Y,C,Y,N,D,2,0,0,0,21658.0,2,39.93283081054688,-122.03424835205078,4
2020,2020-01-23,1750,1,4,17,4,N,B,N,B,H,C,A,01,E,01,A,,,,,C,Y,N,D,3,0,0,0,23152.0,2,40.168418884277344,-122.26577758789062,3
2020,2020-01-25,550,1,4,5,6,N,B,N,A,H,D,A,01,N,08,E,,,,,I,Y,N,D,1,0,0,0,22107.0,1,39.93528747558594,-122.12316131591795,2
2020,2020-01-25,1505,1,4,15,6,N,B,Y,A,H,A,E,22,S,08,E,,,,,I,Y,N,D,2,0,0,0,22107.0,1,40.09089660644531,-122.1006088256836,2
2020,2020-01-27,420,1,4,4,1,N,B,N,B,H,D,A,01,S,03,H,,,,,H,Y,N,D,1,0,0,0,22350.0,1,39.8524284362793,-122.15253448486328,3
2020,2020-02-03,1035,2,4,10,1,N,A,Y,A,H,A,A,01,S,08,E,,,,,I,Y,N,D,1,0,0,0,22107.0,1,40.23133087158203,-122.25518798828124,3
2019,2019-12-21,1201,12,4,12,6,N,B,Y,A,H,A,A,01,N,05,A,,,,Y,C,Y,N,D,1,0,0,0,21460.0,2,40.09323120117188,-122.10099029541016,1
2020,2020-02-08,1150,2,4,11,6,N,A,N,A,H,A,C,02,S,08,E,,,Y,,I,Y,N,D,1,0,0,1,22107.0,1,39.961334228515625,-122.22093200683594,2
2020,2020-02-08,1810,2,4,18,6,N,A,Y,A,H,D,A,01,N,08,B,,,,Y,C,Y,N,D,2,0,0,0,22107.0,3,40.01529312133789,-122.09715270996094,4
2020,2020-02-10,1007,2,4,10,1,N,A,N,A,H,A,D,22,W,08,F,,,,,A,Y,N,D,1,0,0,0,22107.0,1,39.92855072021485,-122.23755645751952,4
2020,2020-02-15,1445,2,4,14,6,N,A,Y,A,H,A,A,01,S,07,B,,,,,C,Y,N,D,1,0,0,0,21658.0,2,40.0166244506836,-122.2086944580078,4
2020,2020-02-15,1806,2,4,18,6,Y,B,Y,A,H,A,A,01,,09,D,,,,,C,Y,N,D,1,0,0,0,21801.0,2,39.93120956420898,-122.03236389160156,4
2020,2020-02-19,858,2,4,8,3,N,A,Y,A,H,A,A,01,N,08,E,,,,,I,Y,N,D,1,0,0,0,22107.0,1,40.34769058227539,-122.28282928466795,4
2020,2020-02-21,1500,2,4,15,5,Y,A,Y,A,H,A,A,01,,01,E,,,,,I,Y,N,D,1,0,0,0,23152.0,1,,,4
2020,2020-02-23,1655,2,4,16,7,N,A,N,A,H,A,A,01,N,08,F,,,,,A,Y,N,D,1,0,0,0,22107.0,1,40.030948638916016,-122.29278564453124,3
2020,2020-02-24,330,2,4,3,1,N,A,N,A,H,D,A,07,W,08,E,,,,,I,Y,N,D,1,0,0,0,22107.0,1,40.36585998535156,-122.40631866455078,4
2020,2020-02-24,2254,2,4,22,1,N,A,Y,A,H,D,-,99,S,07,E,,,,Y,I,Y,M,D,1,0,0,0,21658.0,2,39.995952606201165,-122.20532989501952,4
2020,2020-02-24,1340,2,4,13,1,N,A,N,A,H,A,A,01,S,08,E,,,,,I,Y,N,D,1,0,0,0,22107.0,1,39.82888412475586,-122.19729614257812,4
2020,2020-07-06,1224,7,2,12,1,N,A,Y,A,H,A,A,01,E,03,C,,,,,C,N,N,A,2,0,0,0,22350.0,2,40.17982482910156,-122.22706604003906,4
2020,2020-02-26,805,2,4,8,3,Y,A,N,A,H,A,A,01,,09,D,,,,,C,Y,N,A,3,0,0,0,21802.0,2,39.906299591064446,-122.17854309082033,4
2020,2020-03-04,630,3,1,6,3,N,A,N,A,H,A,A,01,E,08,E,,,,,I,Y,N,D,1,0,0,0,22107.0,1,40.33194732666016,-122.38491821289062,3
2020,2020-03-02,450,3,1,4,1,N,A,Y,A,H,C,G,27,E,03,F,,,,Y,A,Y,N,D,1,0,0,0,22350.0,1,40.048316955566406,-121.61351013183594,4
2020,2020-03-05,840,3,1,8,4,N,A,N,A,H,A,A,07,S,09,D,,,,,C,Y,N,A,1,0,0,0,21802.0,2,39.888427734375,-122.19744873046876,3
2020,2020-03-05,1440,3,1,14,4,N,A,Y,A,H,A,D,22,W,08,E,,,,,I,Y,N,D,1,0,0,0,22107.0,1,40.243667602539055,-122.15355682373048,2
2020,2020-03-05,1520,3,1,15,4,Y,A,Y,A,H,A,D,22,,03,C,,,,,C,Y,N,D,2,0,0,0,22350.0,2,40.09281539916992,-122.10086822509766,3
2020,2020-03-06,730,3,1,7,5,N,A,N,A,H,A,A,07,W,08,E,,,,,I,Y,N,D,2,0,0,0,22107.0,1,,,2
2020,2020-03-06,1545,3,1,15,5,N,B,Y,A,H,A,D,22,N,03,B,,,,,C,Y,N,D,1,0,0,0,22350.0,2,40.33082962036133,-122.28119659423828,3
2019,2019-12-10,540,12,4,5,2,N,B,N,A,H,D,A,01,N,06,A,,,,,C,Y,N,D,2,0,0,0,21751.0,2,40.03489303588867,-122.17122650146484,1
2020,2020-03-07,1535,3,1,15,6,N,B,N,D,G,A,D,22,W,03,E,,,,,I,Y,N,D,1,0,0,0,22350.0,1,40.001094818115234,-122.19270324707033,3
2020,2020-03-07,1555,3,1,15,6,Y,B,N,A,H,A,A,01,,09,D,,,,,C,Y,N,D,1,0,0,0,21802.0,2,40.19733810424805,-122.26537322998048,3
2020,2020-03-08,1730,3,1,17,7,Y,B,N,A,H,A,A,01,,09,D,,,,,C,Y,N,A,3,0,0,0,21802.0,2,40.0684700012207,-122.1611328125,2
2020,2020-03-08,2005,3,1,20,7,N,B,Y,A,H,D,D,22,N,01,E,,,,,I,Y,N,D,1,0,0,0,23152.0,1,40.03693771362305,-122.09992218017578,2
2019,2019-12-10,541,12,4,5,2,N,B,N,A,H,D,-,- ,N,18,A,,,,,C,Y,N,D,1,0,0,0,,2,40.034812927246094,-122.17122650146484,4
2020,2020-03-08,10,3,1,0,7,N,B,Y,C,B,D,A,01,E,03,E,,,,,I,Y,N,D,2,0,0,0,22350.0,1,40.3592529296875,-121.53623962402344,4
2020,2020-06-24,1011,6,2,10,3,N,A,N,A,H,A,-,- ,N,18,C,,,,Y,E,Y,N,D,3,0,0,0,,2,40.17523956298828,-122.23297119140624,3
2020,2020-03-17,1933,3,1,19,2,N,B,N,B,H,D,A,07,N,08,E,,,,,I,Y,N,D,1,0,0,0,22107.0,1,,,4
2020,2020-03-23,1815,3,1,18,1,N,B,N,A,H,A,A,01,N,01,E,,,,,I,Y,N,D,1,0,0,0,23152.0,1,40.29810333251953,-122.32613372802734,3
2020,2020-03-22,2230,3,1,22,7,N,A,N,A,H,D,A,01,W,01,A,,,,Y,C,Y,N,D,1,0,0,0,23152.0,2,39.90611267089844,-122.1589584350586,1
2020,2020-03-24,2314,3,1,23,2,N,B,N,A,H,D,-,- ,N,18,H,,,,,H,N,N,D,1,0,0,0,,1,39.94478988647461,-122.1230697631836,4
2020,2020-04-05,2035,4,1,20,7,N,B,Y,B,H,D,-,- ,N,18,H,,,,Y,H,Y,N,D,2,0,0,0,,2,40.08884811401367,-122.21722412109376,2
2020,2020-04-10,150,4,1,1,5,N,A,N,A,H,D,A,01,W,01,F,,,,,A,Y,N,D,2,0,0,0,23152.0,1,40.36752700805664,-122.28797149658205,4
2020,2020-04-10,245,4,1,2,5,N,A,Y,A,H,C,A,01,N,08,F,,,,,A,Y,F,D,1,0,0,0,22107.0,1,40.23982620239258,-122.25738525390624,2
2020,2020-04-11,45,4,1,0,6,N,A,N,A,H,D,A,01,W,01,C,,,,,C,Y,N,A,1,0,0,0,23152.0,2,39.92817306518555,-122.20667266845705,4
2020,2020-04-13,2145,4,1,21,1,N,A,Y,A,H,D,A,01,S,01,F,,,,,A,Y,N,D,1,0,0,0,23152.0,1,40.2881965637207,-122.27870178222656,2
2020,2020-04-17,2325,4,1,23,5,N,A,N,A,H,D,A,01,N,08,E,,,,,I,Y,N,D,1,0,0,0,22107.0,1,40.1383056640625,-122.2968521118164,2
2020,2020-04-19,1255,4,1,12,7,N,A,Y,A,H,A,C,02,N,03,F,,,Y,,A,N,N,D,1,0,0,1,22350.0,1,40.155132293701165,-122.1450424194336,3
2020,2020-04-27,1440,4,1,14,1,N,A,Y,A,H,A,A,01,E,06,D,,,,,C,Y,N,D,3,0,0,0,21750.0,2,40.27120590209961,-121.43202209472656,4
2020,2020-04-20,1200,4,1,12,1,N,B,N,A,H,A,L,04,W,08,D,,Y,,Y,G,N,N,D,1,0,1,0,22107.0,2,40.18983459472656,-122.1678466796875,3
2020,2020-04-21,1750,4,1,17,2,N,A,N,A,H,A,A,01,N,03,E,,,,,I,Y,N,A,1,0,0,0,22350.0,1,40.084739685058594,-122.2711181640625,3
2020,2020-04-27,340,4,1,3,1,Y,A,Y,A,H,D,D,22,,09,A,,,,,C,Y,N,D,2,0,0,0,21801.0,2,40.13352966308594,-122.2064208984375,3
2020,2020-04-28,1235,4,1,12,2,Y,A,Y,A,H,A,A,07,,03,C,,,,,C,N,N,D,1,0,0,0,22350.0,2,40.15488052368164,-122.14480590820312,3
2020,2020-04-29,2355,4,1,23,3,N,A,Y,A,H,D,A,08,N,03,C,,,Y,,C,Y,N,D,1,0,0,1,22350.0,2,40.09878540039063,-122.2177276611328,3
2020,2020-04-25,1558,4,1,15,6,N,B,N,A,H,A,D,22,S,01,E,,,,,I,Y,N,D,0,0,0,0,23152.0,1,39.923927307128906,-122.12328338623048,1
2020,2020-04-29,1500,4,1,15,3,N,A,Y,A,H,A,A,01,E,08,E,,,,,I,Y,N,D,1,0,0,0,22107.0,1,40.28955459594727,-122.60974884033205,3
2020,2020-04-30,2025,4,1,20,4,N,A,N,A,H,B,G,25,W,09,D,,,,Y,C,Y,F,A,1,0,0,0,21802.0,2,40.005489349365234,-122.17204284667967,2
2020,2020-05-04,745,5,1,7,1,N,A,Y,A,H,A,D,22,W,07,B,,,,,C,N,N,D,1,0,0,0,21658.0,2,40.185710906982415,-122.18692016601562,4
2020,2020-04-19,300,4,1,3,7,N,A,N,A,H,D,A,01,W,01,F,,,,,A,Y,N,D,0,0,0,0,23152.0,1,39.925086975097656,-122.2951431274414,1
2020,2020-05-06,1110,5,1,11,3,N,A,Y,A,H,A,A,01,S,03,C,,,,Y,C,Y,N,A,3,0,0,0,22350.0,2,40.31511688232422,-122.28063201904295,3
2020,2020-05-04,1632,5,1,16,1,N,A,Y,A,H,A,C,02,E,03,F,,,Y,,A,Y,N,D,1,0,0,1,22350.0,1,40.19675064086913,-121.5240478515625,3
2020,2020-05-08,1100,5,1,11,5,N,A,Y,A,H,A,C,02,W,03,H,,,Y,,H,Y,N,D,1,0,0,1,22350.0,1,40.113040924072266,-121.5784149169922,3
2020,2020-05-09,2215,5,1,22,6,N,A,Y,A,H,D,D,22,W,05,D,,,,,C,Y,N,D,2,0,0,0,21460.0,2,40.313091278076165,-121.99536895751952,3
2020,2020-05-11,1515,5,1,15,1,N,B,N,B,H,A,A,01,W,08,E,,,,,I,Y,N,D,1,0,0,0,22107.0,1,40.2990608215332,-122.31720733642578,3
2020,2020-05-19,1535,5,1,15,2,N,A,Y,A,H,A,A,01,E,08,F,,,,,A,Y,N,D,1,0,0,0,22107.0,1,40.34280014038086,-121.89815521240234,3
2020,2020-05-22,1150,5,1,11,5,Y,A,Y,A,H,A,D,22,,09,A,,,,,C,Y,N,D,1,0,0,0,21801.0,2,40.2794075012207,-121.42123413085938,3
2020,2020-05-30,1345,5,1,13,6,N,A,Y,A,H,A,D,22,S,03,C,,,,,C,N,N,A,2,0,0,0,22350.0,2,39.90560150146485,-122.20034027099608,4
2020,2020-05-24,1040,5,1,10,7,Y,A,N,A,H,A,A,01,,12,D,,,,,C,Y,N,D,2,0,0,0,22450.0,2,40.00086975097656,-122.22527313232422,2
2020,2020-05-18,2045,5,1,20,1,N,B,Y,B,H,D,A,01,W,03,F,,,,,A,Y,N,D,1,0,0,0,22350.0,1,40.35421752929688,-121.52604675292967,4
2020,2020-05-27,530,5,1,5,3,N,A,Y,A,H,B,G,26,W,08,E,,,,Y,I,Y,N,D,1,0,0,0,22107.0,1,40.16281127929688,-121.56798553466795,3
2020,2020-05-24,1625,5,1,16,7,N,A,Y,A,H,A,A,07,W,08,E,,,,,I,Y,N,D,2,0,0,0,22107.0,1,40.258834838867195,-122.4832763671875,3
2020,2020-05-27,2030,5,1,20,3,N,A,N,A,H,B,A,01,E,03,E,,,,,I,Y,N,D,1,0,0,0,22350.0,1,39.912891387939446,-122.0264129638672,4
2020,2020-05-28,650,5,1,6,4,N,A,Y,A,H,A,D,22,N,08,E,,,,,I,Y,N,D,1,0,0,0,22107.0,1,40.26485443115234,-122.26652526855467,2
2020,2020-05-30,1250,5,1,12,6,N,A,Y,A,H,A,A,01,N,08,E,,,,,I,Y,N,D,1,0,0,0,22107.0,1,39.91257858276367,-122.20006561279295,2
2020,2020-05-31,17,5,1,0,7,N,B,N,A,H,D,A,08,W,08,E,,,,,I,Y,N,D,0,0,0,0,22107.0,1,40.37220764160156,-122.23535919189452,1
2020,2020-05-31,2355,5,1,23,7,N,B,N,A,H,D,D,22,W,01,E,,,,,I,Y,N,D,1,0,0,0,23152.0,1,40.36020278930664,-122.30971527099608,3
2020,2020-05-31,1635,5,1,16,7,N,A,Y,A,H,A,C,02,N,08,F,,,Y,,A,N,N,D,1,0,0,1,22107.0,1,40.181690216064446,-122.22368621826172,3
2020,2020-05-31,1635,5,1,16,7,N,A,N,A,H,A,D,22,N,08,E,,,,,I,Y,N,D,2,0,0,0,22107.0,1,40.0310173034668,-122.29278564453124,3
2020,2020-06-01,1550,6,2,15,1,N,A,Y,A,H,A,D,22,N,03,C,,,,,C,N,N,D,2,0,0,0,22350.0,2,40.08913803100586,-122.21694946289062,4
2020,2020-05-22,545,5,1,5,5,N,A,Y,A,H,B,D,22,E,08,E,,,,,I,Y,N,D,1,0,0,0,22107.0,1,40.345157623291016,-121.7164306640625,2
2020,2020-06-10,1050,6,2,10,3,Y,A,N,A,H,A,A,01,,09,D,,,,,C,Y,N,D,2,0,0,0,21800.0,2,40.01451110839844,-122.1813507080078,4
2020,2020-06-13,1417,6,2,14,6,Y,A,N,A,H,A,A,07,,09,A,,,,,C,Y,N,D,2,0,0,0,21801.0,2,40.185710906982415,-122.18605041503906,3
2020,2020-06-14,1658,6,2,16,7,N,A,Y,A,H,A,A,01,W,01,C,,,,,C,N,N,D,1,0,0,0,23152.0,2,40.260066986083984,-121.3716278076172,4
2020,2020-06-16,1720,6,2,17,2,N,A,N,A,H,A,D,22,S,01,E,,,,,I,Y,N,D,3,0,0,0,23152.0,1,40.207279205322266,-122.35155487060548,2
2020,2020-06-16,1055,6,2,10,2,Y,A,N,A,H,A,A,07,,12,D,,,,,C,Y,N,A,2,0,0,0,22450.0,2,39.942501068115234,-122.19751739501952,2
2020,2020-06-17,1900,6,2,19,3,N,A,Y,A,H,A,A,01,S,08,E,,,,,I,Y,N,D,1,0,0,0,22107.0,1,40.1769905090332,-122.22240447998048,2
2020,2020-06-18,1440,6,2,14,4,N,A,Y,A,H,A,-,- ,S,18,E,,,,Y,I,Y,N,D,2,0,0,0,,1,40.17809677124024,-122.17032623291016,3
2020,2020-06-20,1206,6,2,12,6,N,A,N,A,H,A,D,22,W,08,E,,,,,I,Y,N,D,1,0,0,0,22107.0,1,40.029522,-122.113292,4
2020,2020-06-23,1540,6,2,15,2,N,A,N,A,H,A,A,01,S,08,E,,,,,I,Y,N,D,1,0,0,0,22107.0,1,40.0899658203125,-122.17660522460938,4
2020,2020-06-23,200,6,2,2,2,Y,A,Y,A,H,C,A,01,,01,E,,,,,I,Y,N,D,1,0,0,0,23152.0,1,40.023868560791016,-122.09986114501952,3
2020,2020-06-26,1740,6,2,17,5,N,A,Y,A,H,A,A,07,W,08,E,,,,,I,Y,N,D,1,0,0,0,22107.0,1,,,2
2020,2020-06-02,230,6,2,2,2,N,A,Y,A,H,D,D,22,E,01,E,,,,,I,Y,N,D,1,0,0,0,23152.0,1,40.21051406860352,-122.18170166015624,1
2020,2020-06-28,530,6,2,5,7,N,A,Y,A,H,A,A,01,S,08,E,,,,,I,Y,N,D,1,0,0,0,22107.0,1,40.22818756103516,-122.25433349609376,3
2020,2020-06-26,1053,6,2,10,5,N,A,Y,A,H,A,A,07,S,07,B,,,,,C,Y,N,D,5,0,0,0,21658.0,3,39.99373245239258,-122.20465850830078,3
2020,2020-06-30,1745,6,2,17,2,N,A,Y,A,H,A,A,01,S,01,E,,,,,I,Y,N,D,1,0,0,0,23152.0,1,40.15823745727539,-122.14798736572266,2
2020,2020-05-29,1830,5,1,18,5,N,B,N,A,H,A,C,06,,08,F,,,Y,,A,N,N,D,1,0,0,1,38314.0,1,,,2
2020,2020-06-30,630,6,2,6,2,N,A,Y,A,H,A,A,01,N,03,C,,,,,C,Y,N,D,2,0,0,0,22350.0,2,40.13223648071289,-122.2199249267578,2
2020,2020-06-30,1615,6,2,16,2,N,A,N,A,H,A,A,01,N,08,E,,,,,I,Y,N,D,1,0,0,0,22107.0,1,39.9182243347168,-121.91922760009766,2
2020,2020-07-04,635,7,2,6,6,N,A,Y,A,H,A,C,02,N,01,B,,,Y,Y,C,Y,N,D,1,0,0,1,23152.0,2,40.24992752075195,-122.26129913330078,2
2020,2020-07-02,927,7,2,9,4,N,A,Y,A,H,A,A,07,S,08,F,,,,,A,Y,N,D,1,0,0,0,22107.0,1,40.2781982421875,-122.2719268798828,3
2020,2020-07-03,300,7,2,3,5,N,A,Y,A,H,D,A,07,E,08,E,,,,,I,Y,N,D,1,0,0,0,22107.0,1,40.138229370117195,-121.58689880371094,3
2020,2020-07-06,530,7,2,5,1,N,A,Y,A,H,B,A,01,E,08,E,,,,,I,Y,N,D,1,0,0,0,22107.0,1,40.259559631347656,-121.39325714111328,2
2020,2020-07-14,920,7,2,9,2,Y,A,N,A,H,A,A,01,,09,D,,,,,C,Y,N,A,2,0,0,0,21802.0,2,40.15021133422852,-122.25673675537108,3
2020,2020-07-05,145,7,2,1,7,N,A,N,A,H,D,A,01,W,03,E,,,,,I,Y,N,D,1,0,0,0,22350.0,1,40.386245727539055,-122.17200469970705,4
2020,2020-07-06,1640,7,2,16,1,N,A,Y,A,H,A,A,07,E,01,E,,,,,I,Y,N,D,2,0,0,0,23152.0,1,40.319629669189446,-122.80229949951172,3
2020,2020-07-09,1450,7,2,14,4,Y,A,N,A,H,A,A,08,,01,D,,,,,C,Y,N,D,1,0,0,0,23152.0,2,40.18122100830078,-122.23082733154295,4
2020,2020-07-12,1745,7,2,17,7,N,A,N,A,H,A,A,01,W,09,D,,,,,C,Y,N,D,2,0,0,0,21804.0,2,40.35288238525391,-122.34857940673828,4
2020,2020-07-12,325,7,2,3,7,N,A,Y,A,H,D,A,01,E,08,F,,,,,A,Y,N,D,1,0,0,0,22107.0,1,40.25437545776367,-122.14414215087892,3
2020,2020-07-11,648,7,2,6,6,Y,A,Y,A,H,A,D,22,,08,E,,,,,I,Y,N,D,1,0,0,0,22107.0,1,40.22444152832031,-122.30985260009766,4
2020,2020-07-16,1030,7,2,10,4,N,A,Y,A,H,A,C,02,W,08,E,,,Y,,J,Y,N,D,1,0,0,1,22107.0,1,40.12664413452149,-121.5723114013672,3
2020,2020-06-24,100,6,2,1,3,N,A,N,A,H,D,D,22,E,01,E,,,,,I,Y,N,D,1,0,0,0,23152.0,1,40.00148391723633,-122.29322814941406,1
2020,2020-07-16,1955,7,2,19,4,N,A,Y,A,H,A,C,02,S,03,F,,,Y,,A,N,N,A,2,0,0,2,22350.0,1,40.02500915527344,-122.0998764038086,2
2020,2020-07-17,1104,7,2,11,5,N,A,N,A,H,A,A,07,W,08,E,,,,,I,Y,N,D,4,0,0,0,22107.0,1,40.26042556762695,-122.23755645751952,3
2020,2020-07-19,1015,7,2,10,7,Y,A,Y,A,H,A,A,01,,09,D,,,,,C,Y,N,D,3,0,0,0,21802.0,2,40.20835113525391,-122.26451110839844,3
2020,2020-07-20,1550,7,2,15,1,N,A,N,A,H,A,A,08,S,09,D,,,Y,,C,N,N,A,1,0,0,1,21802.0,2,40.0302619934082,-122.2932357788086,3
2020,2020-07-24,1132,7,2,11,5,Y,A,N,A,H,A,A,01,,09,D,,,,,C,Y,N,A,3,0,0,0,21802.0,2,39.88462829589844,-122.17788696289062,3
2020,2020-07-25,2025,7,2,20,6,N,A,N,A,H,A,A,01,S,08,E,,,,,I,Y,N,D,1,0,0,0,22107.0,1,40.11303329467773,-122.27011871337892,4